{
	code: "creature-mulegoliath",
	class: "ItemCreature",
	maxstacksize: 64,
	shape: { "base": "land/mulegoliath" },			
	texture: { "base": "land/mulegoliath" },	
	creativeinventory: { "general": ["*"], "items": ["*"], "creatures": ["*"] },
	materialDensity: 600,
	guiTransformByType: {
		"creature-mulegoliath": {
			rotate: true,
			translation: { x: 0, y: -1.5, z: 0 },
			rotation: { x: 0, y: -62, z: -180 },
			origin: { x: 0.5, y: 0.73, z: 0.5 },
			scale: 0.5
		}
	},
	
	tpHandTransformByType: {
		"creature-mulegoliath": {
			translation: { x: -3, y: -0.5, z: -0.4 },
			rotation: { x: 101, y: -24, z: -113 },
			scale: 0.2
		}
	},
	
	fpHandTransformByType: {
		"creature-mulegoliath": {
			translation: { x: 0, y: -0.5, z: 0 },
			rotation: { x: -180, y: -131, z: -180 },
			scale: 0.5
		}
	},
}