{
  "chanceMultiplier": { "dist": "uniform", "avg": 2.5, "var": 2 },
  "patches": [
    {
      "comment": "Large patches of coopers reed",
      "blockCodes": ["tallplant-coopersreed-water-normal"],
      "minTemp": 3,
      "maxTemp": 23,
      "minRain": 0.4,
      "maxRain": 1,
      "quantity": { "avg": 25, "var": 15 },
      "offsetX": { "avg": 0, "var": 12 },
      "offsetZ": { "avg": 0, "var": 12 },
      "chance": 1,
      "placement": "NearWater"
    },
    {
      "comment": "Small patches of coopers reed",
      "blockCodes": ["tallplant-coopersreed-water-normal"],
      "minTemp": 3,
      "maxTemp": 23,
      "minRain": 0.4,
      "maxRain": 1,
      "quantity": { "avg": 5, "var": 5 },
      "chance": 1,
      "placement": "NearWater"
    },
    {
      "comment": "small patches of papyrus",
      "blockCodes": ["tallplant-papyrus-free-normal"],
      "minTemp": 24,
      "minRain": 0.33,
      "quantity": { "avg": 5, "var": 5 },
      "chance": 1,
      "placement": "NearWater"
    },
    {
      "comment": "large patches of papyrus",
      "blockCodes": ["tallplant-papyrus-free-normal"],
      "minTemp": 24,
      "minRain": 0.33,
      "quantity": { "avg": 25, "var": 15 },
      "chance": 1,
      "placement": "NearWater"
    },
    {
      "comment": "Large patches of seaweed",
      "blockCodes": ["seaweed-section"],
      "minTemp": 3,
      "maxTemp": 40,
      "minRain": 0,
      "maxRain": 1,
      "quantity": { "avg": 25, "var": 15 },
      "offsetX": { "avg": 0, "var": 12 },
      "offsetZ": { "avg": 0, "var": 12 },
      "chance": 1,
      "minWaterDepth": 1,
      "placement": "UnderWater"
    },
    {
      "comment": "Small patches of seaweed",
      "blockCodes": ["seaweed-section"],
      "minTemp": 3,
      "maxTemp": 40,
      "minRain": 0,
      "maxRain": 1,
      "quantity": { "avg": 5, "var": 5 },
      "chance": 1,
      "minWaterDepth": 1,
      "placement": "UnderWater"
    },
    {
      "comment": "Small patches of spelt",
      "blockCodes": [
        "crop-spelt-4",
        "crop-spelt-6",
        "crop-spelt-8",
        "crop-spelt-9",
        "crop-spelt-2"
      ],
      "minTemp": 3,
      "maxTemp": 34,
      "minRain": 0.38,
      "maxRain": 0.75,
      "maxForest": 1,
      "quantity": { "avg": 2, "var": 2 },
      "chance": 0.01
    },
    {
      "comment": "Small patches of rye",
      "blockCodes": [
        "crop-rye-4",
        "crop-rye-6",
        "crop-rye-8",
        "crop-rye-9",
        "crop-rye-2"
      ],
      "minTemp": -1,
      "maxTemp": 30,
      "minRain": 0.35,
      "maxRain": 0.75,
      "maxForest": 1,
      "quantity": { "avg": 2, "var": 2 },
      "chance": 0.01
    },
    {
      "comment": "Small patches of flax",
      "blockCodes": [
        "crop-flax-4",
        "crop-flax-6",
        "crop-flax-8",
        "crop-flax-9",
        "crop-flax-2"
      ],
      "minTemp": 3,
      "maxTemp": 34,
      "minRain": 0.35,
      "maxRain": 0.75,
      "maxForest": 1,
      "quantity": { "avg": 2, "var": 2 },
      "chance": 0.02
    },
    {
      "comment": "Small patches of soybean",
      "blockCodes": [
        "crop-soybean-4",
        "crop-soybean-6",
        "crop-soybean-9",
        "crop-soybean-11"
      ],
      "minTemp": 20,
      "maxTemp": 40,
      "minRain": 0.35,
      "maxRain": 0.75,
      "maxForest": 1,
      "quantity": { "avg": 2, "var": 2 },
      "chance": 0.01
    },
    {
      "comment": "Small patches of carrots",
      "blockCodes": ["crop-carrot-3", "crop-carrot-4", "crop-carrot-5"],
      "minTemp": 5,
      "maxTemp": 28,
      "minRain": 0.35,
      "maxRain": 0.75,
      "maxForest": 1,
      "quantity": { "avg": 2, "var": 2 },
      "chance": 0.01
    },
    {
      "comment": "Small patches of onion",
      "blockCodes": ["crop-onion-2", "crop-onion-4", "crop-onion-6"],
      "minTemp": 3,
      "maxTemp": 29,
      "minRain": 0.38,
      "maxRain": 0.75,
      "maxForest": 1,
      "quantity": { "avg": 1, "var": 2 },
      "chance": 0.01
    },
    {
      "comment": "Small patches of parsnip",
      "blockCodes": ["crop-parsnip-2", "crop-parsnip-4", "crop-parsnip-5"],
      "minTemp": 1,
      "maxTemp": 26,
      "minRain": 0.38,
      "maxRain": 0.75,
      "maxForest": 1,
      "quantity": { "avg": 2, "var": 2 },
      "chance": 0.005
    },
    {
      "comment": "Small patches of turnip",
      "blockCodes": ["crop-turnip-2", "crop-turnip-3", "crop-turnip-5"],
      "minTemp": 1,
      "maxTemp": 26,
      "minRain": 0.38,
      "maxRain": 0.75,
      "maxForest": 1,
      "quantity": { "avg": 2, "var": 2 },
      "chance": 0.01
    },
    {
      "comment": "Small patches of rice",
      "blockCodes": [
        "crop-rice-4",
        "crop-rice-6",
        "crop-rice-8",
        "crop-rice-9",
        "crop-rice-2"
      ],
      "minTemp": 12,
      "maxTemp": 40,
      "minRain": 0.5,
      "maxRain": 1,
      "maxForest": 1,
      "quantity": { "avg": 2, "var": 2 },
      "chance": 0.01
    },
    {
      "comment": "Stalactites and Stalagmites",
      "blockCodes": [
        "stalagsection-andesite-06",
        "stalagsection-andesite-08",
        "stalagsection-andesite-10",
        "stalagsection-andesite-12",
        "stalagsection-andesite-14"
      ],
      "quantity": { "avg": 20, "var": 8 },
      "chance": 40,
      "offsetX": { "avg": 0, "var": 8 },
      "offsetZ": { "avg": 0, "var": 8 },
      "placement": "Underground"
    },
    {
      "comment": "Glow worms, hang from ceilings in caves",
        "blockCodes": [ "glowworms-base1" ],
      "quantity": { "avg": 4, "var": 0.5 },
      "chance": 3,
      "minForest": 0.9,
      "maxForest": 1,
      "offsetX": { "avg": 0, "var": 8 },
      "offsetZ": { "avg": 0, "var": 8 },
      "placement": "Underground"
    },
    {
      "comment": "Old Meteorid impacts",
      "blockCodes": ["meteorite-iron"],
      "quantity": { "avg": 12, "var": 3 },
      "chance": 0.013
    },
    {
      "comment": "Single loose stones everywhere",
      "blockCodes": ["loosestones-{rocktype}"],
      "minTemp": -2,
      "maxTemp": 50,
      "minForest": 0,
      "maxForest": 1,
      "quantity": { "avg": 3, "var": 2 },
      "chance": 2
    },
    {
      "comment": "Small patches of loose stones everywhere",
      "blockCodes": ["loosestones-{rocktype}"],
      "minTemp": -2,
      "maxTemp": 50,
      "minForest": 0,
      "maxForest": 1,
      "quantity": { "avg": 3, "var": 6 },
      "chance": 2
    },

    {
      "comment": "Small patches of loose boulders in dry places",
      "blockCodes": ["looseboulders-{rocktype}"],
      "minTemp": -12,
      "maxRain": 0.35,
      "quantity": { "avg": 3, "var": 6 },
      "chance": 1
    },
    {
      "comment": "Small patches of loose boulders in mountains",
      "blockCodes": ["looseboulders-{rocktype}"],
      "minY": 0.7,
      "minTemp": -12,
      "quantity": { "avg": 3, "var": 6 },
      "chance": 1
    },

    {
      "comment": "Small patches of loose sticks in forests",
      "blockCodes": ["loosestick"],
      "minTemp": -1,
      "minForest": 0.5,
      "minRain": 0.3,
      "quantity": { "avg": 12, "var": 6 },
      "chance": 2
    },

    {
      "comment": "Big patches of loose stones in the mountains",
      "blockCodes": ["loosestones-{rocktype}"],
      "minTemp": -2,
      "minY": 0.72,
      "quantity": { "avg": 25, "var": 15 },
      "chance": 0.2,
      "offsetX": { "avg": 0, "var": 10 },
      "offsetZ": { "avg": 0, "var": 10 }
    },

    {
      "comment": "Single loose shells. The shell block class takes care of the random variant spawning",
      "blockCodes": ["seashell-scallop-plain"],
      "minTemp": -5,
      "minForest": 0,
      "minRain": 0.3,
      "quantity": { "avg": 1, "var": 0 },
      "chance": 2,
      "placement": "NearWater"
    },
    {
      "comment": "Small patches of loose shellsThe shell block class takes care of the random variant spawning",
      "blockCodes": ["seashell-scallop-plain"],
      "minTemp": -5,
      "minForest": 0,
      "minRain": 0.3,
      "quantity": { "avg": 3, "var": 6 },
      "chance": 0.3,
      "placement": "NearWater"
    },
    {
      "comment": "Deserty areas: Single loose shells. The shell block class takes care of the random variant spawning",
      "blockCodes": ["seashell-scallop-plain"],
      "minTemp": -5,
      "minForest": 0,
      "maxRain": 0.3,
      "quantity": { "avg": 1, "var": 0 },
      "chance": 0.4,
      "placement": "NearWater"
    },
    {
      "comment": "Deserty areas: Small patches of loose shellsThe shell block class takes care of the random variant spawning",
      "blockCodes": ["seashell-scallop-plain"],
      "minTemp": -5,
      "minForest": 0,
      "maxRain": 0.3,
      "quantity": { "avg": 3, "var": 6 },
      "chance": 0.1,
      "placement": "NearWater"
    },

    {
      "comment": "Small groups of fly agarics in similar climate as english oaks",
      "blockCodes": ["mushroom-flyagaric-normal"],
      "minTemp": 2,
      "maxTemp": 55,
      "minForest": 0.65,
      "maxForest": 1,
      "minRain": 0.3,
      "maxRain": 0.7,
      "quantity": { "avg": 8, "var": 6 },
      "chance": 0.45,
      "minY": 0,
      "maxY": 0.85
    },
    {
      "comment": "Small groups of bolete mushrooms in similar climate as english oaks",
      "blockCodes": ["mushroom-bolete-normal"],
      "minTemp": 2,
      "maxTemp": 15,
      "minForest": 0.65,
      "maxForest": 1,
      "minRain": 0.4,
      "maxRain": 0.7,
      "quantity": { "avg": 8, "var": 3 },
      "chance": 0.3,
      "minY": 0,
      "maxY": 0.85
    },
    {
      "comment": "Small groups of field mushrooms in similar climate as english oaks",
      "blockCodes": ["mushroom-fieldmushroom-normal"],
      "minTemp": 4,
      "maxTemp": 16,
      "minForest": 0.65,
      "maxForest": 1,
      "minRain": 0.3,
      "maxRain": 0.7,
      "quantity": { "avg": 8, "var": 6 },
      "chance": 0.4,
      "minY": 0,
      "maxY": 0.85
    },
    {
      "comment": "bolete mushroom fairy ring in similar climate as english oaks",
      "blockCodes": ["mushroom-bolete-normal"],
      "minTemp": 5,
      "maxTemp": 20,
      "minForest": 0.65,
      "maxForest": 1,
      "minRain": 0.4,
      "maxRain": 0.7,
      "quantity": { "dist": "stronginvexp", "avg": 16, "var": 13 },
      "chance": 0.2,
      "minY": 0.05,
      "maxY": 0.85,
      "offsetX": { "dist": "inversegaussian", "avg": 0, "var": 3 },
      "offsetZ": { "dist": "inversegaussian", "avg": 0, "var": 3 }
    },
    {
      "comment": "massive loose patches of water lily",
      "blockCodes": ["waterlily"],
      "minTemp": 15,
      "maxTemp": 40,
      "minForest": 0.75,
      "maxForest": 1,
      "minRain": 0.7,
      "quantity": { "dist": "invexp", "avg": 2, "var": 90 },
      "offsetX": { "avg": 0, "var": 15 },
      "offsetZ": { "avg": 0, "var": 15 },
      "chance": 0.3
    },
    {
      "comment": "small tight patches of water lily",
      "blockCodes": ["waterlily"],
      "minTemp": 15,
      "maxTemp": 40,
      "minForest": 0.75,
      "maxForest": 1,
      "minRain": 0.7,
      "quantity": { "avg": 4, "var": 3 },
      "chance": 4
    },
    {
      "blockCodes": ["flower-catmint"],
      "minTemp": 5,
      "maxTemp": 19,
      "minForest": 0.1,
      "maxForest": 1,
      "minRain": 0.39,
      "maxRain": 0.86,
      "quantity": { "dist": "invexp", "avg": 8, "var": 15 },
      "chance": 0.2
    },
    {
      "blockCodes": ["flower-lupine-blue"],
      "minTemp": 1,
      "maxTemp": 19,
      "minForest": 0,
      "maxForest": 1,
      "minRain": 0.3,
      "maxRain": 0.8,
      "maxFertility": 0.4,
      "chance": 0.014,
      "maxY": 1,
      "quantity": { "dist": "invexp", "avg": 110, "var": 250 },
      "offsetX": { "dist": "gaussian", "avg": 0, "var": 15 },
      "offsetZ": { "dist": "gaussian", "avg": 0, "var": 15 }
    },
    {
      "blockCodes": ["flower-lupine-purple"],
      "minTemp": 1,
      "maxTemp": 19,
      "minForest": 0,
      "maxForest": 1,
      "minRain": 0.3,
      "maxRain": 0.8,
      "maxFertility": 0.4,
      "chance": 0.014,
      "maxY": 1,
      "quantity": { "dist": "invexp", "avg": 110, "var": 250 },
      "offsetX": { "dist": "gaussian", "avg": 0, "var": 15 },
      "offsetZ": { "dist": "gaussian", "avg": 0, "var": 15 }
    },
    {
      "blockCodes": ["flower-lupine-purple"],
      "minTemp": 1,
      "maxTemp": 19,
      "minForest": 0,
      "maxForest": 0.35,
      "minRain": 0.3,
      "maxRain": 0.8,
      "maxFertility": 0.4,
      "chance": 0.003,
      "maxY": 1,
      "quantity": { "dist": "invexp", "avg": 110, "var": 250 },
      "offsetX": { "dist": "gaussian", "avg": 0, "var": 15 },
      "offsetZ": { "dist": "gaussian", "avg": 0, "var": 15 }
    },
    {
      "comment": "Occasional saguaro cactus",
      "blockCodes": ["saguarocactus-segment"],
      "minTemp": 20,
      "minForest": 0,
      "maxForest": 1,
      "minRain": 0,
      "maxRain": 0.25,
      "quantity": { "avg": 1, "var": 0 },
      "chance": 0.4
    },
    {
      "comment": "Rare patch of many saguaro cacti",
      "blockCodes": ["saguarocactus-segment"],
      "minTemp": 20,
      "minForest": 0,
      "maxForest": 1,
      "minRain": 0,
      "maxRain": 0.25,
      "quantity": { "avg": 19, "var": 3 },
      "chance": 0.1,
      "offsetX": { "avg": 0, "var": 11 },
      "offsetZ": { "avg": 0, "var": 11 }
    },
    {
      "comment": "Rare single barrel cactus",
      "blockCodes": ["barrelcactus-normal"],
      "minTemp": 20,
      "minForest": 0,
      "maxForest": 1,
      "minRain": 0,
      "maxRain": 0.25,
      "quantity": { "avg": 4, "var": 0 },
      "chance": 0.015
    },
    {
      "comment": "Occasional patch of many barrel cacti",
      "blockCodes": ["barrelcactus-normal"],
      "minTemp": 20,
      "minForest": 0,
      "maxForest": 1,
      "minRain": 0,
      "maxRain": 0.25,
      "quantity": { "avg": 16, "var": 4 },
      "chance": 0.0375
    },
    {
      "blockCodes": ["flower-forgetmenot"],
      "minTemp": 7,
      "maxTemp": 20,
      "minForest": 0,
      "maxForest": 1,
      "minRain": 0.4,
      "maxRain": 0.8,
      "quantity": { "avg": 1, "var": 0 },
      "chance": 0.4
    },
    {
      "blockCodes": ["flower-wilddaisy"],
      "minTemp": 7,
      "maxTemp": 20,
      "minForest": 0,
      "maxForest": 1,
      "minRain": 0.4,
      "maxRain": 0.75,
      "quantity": { "avg": 1, "var": 0 },
      "chance": 0.6
    },
    {
      "blockCodes": ["flower-cowparsley"],
      "minTemp": 2,
      "maxTemp": 20,
      "minForest": 0,
      "maxForest": 1,
      "minRain": 0.4,
      "maxRain": 0.8,
      "quantity": { "avg": 1, "var": 0 },
      "chance": 0.5
    },

    {
      "blockCodes": ["flower-cowparsley"],
      "minTemp": 2,
      "maxTemp": 20,
      "minForest": 0,
      "maxForest": 1,
      "minRain": 0.4,
      "maxRain": 0.8,
      "quantity": { "avg": 10, "var": 10 },
      "chance": 0.04
    },
    {
      "blockCodes": ["flower-edelweiss"],
      "minTemp": 0,
      "maxTemp": 12,
      "minForest": 0,
      "maxForest": 1,
      "minRain": 0.3,
      "maxRain": 0.8,
      "quantity": { "avg": 1.5, "var": 2 },
      "chance": 0.75,
      "minY": 0.65,
      "maxY": 1
    },
    {
      "comment": "Rare but huge patches of heather",
      "blockCodes": ["flower-heather"],
      "minTemp": 2,
      "maxTemp": 15,
      "minForest": 0,
      "maxForest": 1,
      "minRain": 0.4,
      "maxRain": 1,
      "maxFertility": 0.4,
      "chance": 0.15,
      "maxY": 0.72,
      "quantity": { "dist": "invexp", "avg": 75, "var": 250 },
      "offsetX": { "dist": "gaussian", "avg": 0, "var": 16 },
      "offsetZ": { "dist": "gaussian", "avg": 0, "var": 16 }
    },
    {
      "comment": "Rare but huge patches of western gorse",
      "blockCodes": ["flower-westerngorse"],
      "minTemp": 2,
      "maxTemp": 15,
      "minForest": 0,
      "maxForest": 1,
      "minRain": 0.4,
      "maxRain": 1,
      "maxFertility": 0.4,
      "chance": 0.15,
      "maxY": 0.72,
      "quantity": { "dist": "invexp", "avg": 75, "var": 250 },
      "offsetX": { "dist": "gaussian", "avg": 0, "var": 16 },
      "offsetZ": { "dist": "gaussian", "avg": 0, "var": 16 }
    },
    {
      "comment": "Rare but huge patches of tall grass in deserts",
      "blockCodes": ["tallgrass-tall", "tallgrass-medium"],
      "minTemp": 20,
      "maxTemp": 40,
      "minRain": 0.1,
      "maxRain": 0.15,
      "chance": 0.1,
      "quantity": { "dist": "invexp", "avg": 300, "var": 250 },
      "offsetX": { "dist": "gaussian", "avg": 0, "var": 24 },
      "offsetZ": { "dist": "gaussian", "avg": 0, "var": 24 }
    },

    {
      "comment": "Semi-common but huge patches of tall grass in savannas",
      "blockCodes": ["tallgrass-tall", "tallgrass-medium"],
      "minTemp": 25,
      "maxTemp": 40,
      "minRain": 0.3,
      "maxRain": 0.35,
      "chance": 0.25,
      "quantity": { "dist": "invexp", "avg": 200, "var": 250 },
      "offsetX": { "dist": "gaussian", "avg": 0, "var": 24 },
      "offsetZ": { "dist": "gaussian", "avg": 0, "var": 24 }
    },

    {
      "comment": "Your occasional patch of horse tails in very wet areas",
      "blockCodes": ["flower-horsetail"],
      "minTemp": 1,
      "maxTemp": 15,
      "minRain": 0.78,
      "maxRain": 1,
      "maxFertility": 0.4,
      "chance": 0.25,
      "quantity": { "dist": "stronginvexp", "avg": 6, "var": 25 }
    },
    {
      "comment": "Your occasional patch of horse tails in forests",
      "blockCodes": ["flower-horsetail"],
      "minTemp": 1,
      "maxTemp": 15,
      "minRain": 0.4,
      "maxRain": 1,
      "maxFertility": 0.5,
      "maxForest": 1,
      "chance": 0.4,
      "quantity": { "dist": "stronginvexp", "avg": 6, "var": 25 }
    },
    {
      "comment": "Rare but sparse and large patches of horse tails in forests",
      "blockCodes": ["flower-horsetail"],
      "minTemp": 2,
      "maxTemp": 15,
      "minRain": 0.4,
      "maxRain": 1,
      "maxFertility": 0.5,
      "minForest": 0.6,
      "chance": 0.2,
      "quantity": { "dist": "invexp", "avg": 20, "var": 25 },
      "offsetX": { "dist": "uniform", "avg": 0, "var": 14 },
      "offsetZ": { "dist": "uniform", "avg": 0, "var": 14 }
    },
    {
      "comment": "Rare but dense and large patches of horse tails in forests",
      "blockCodes": ["flower-horsetail"],
      "minTemp": 2,
      "maxTemp": 15,
      "minRain": 0.4,
      "maxRain": 1,
      "maxFertility": 0.5,
      "minForest": 0.6,
      "chance": 0.3,
      "quantity": { "dist": "invexp", "avg": 45, "var": 25 },
      "offsetX": { "dist": "gaussian", "avg": 0, "var": 10 },
      "offsetZ": { "dist": "gaussian", "avg": 0, "var": 10 }
    },
    {
      "comment": "Small patches or termite mounds in hot and dry climate",
      "blockCodes": ["termitemound"],
      "minTemp": 22,
      "maxTemp": 37,
      "minRain": 0.25,
      "maxRain": 0.39,
      "maxFertility": 0.55,
      "chance": 0.1,
      "quantity": { "dist": "invexp", "avg": 8, "var": 4 },
      "offsetX": { "dist": "uniform", "avg": 0, "var": 10 },
      "offsetZ": { "dist": "uniform", "avg": 0, "var": 10 }
    },
    {
      "comment": "Small patches or orange mallows in hot and dry climate",
      "blockCodes": ["flower-orangemallow"],
      "minTemp": 20,
      "maxTemp": 37,
      "minRain": 0.1,
      "maxRain": 0.35,
      "maxFertility": 0.5,
      "chance": 0.2,
      "quantity": { "dist": "stronginvexp", "avg": 2, "var": 6 }
    },
    {
      "comment": "Patches of black currant",
      "blockCodes": [
        "bigberrybush-blackcurrant-empty",
        "bigberrybush-blackcurrant-flowering",
        "bigberrybush-blackcurrant-ripe",
        "bigberrybush-blackcurrant-ripe"
      ],
      "minTemp": -2,
      "maxTemp": 50,
      "minRain": 0.3,
      "maxRain": 1,
      "minFertility": 0.25,
      "maxFertility": 1,
      "chance": 0.06,
      "maxForest": 1,
      "maxY": 0.62,
      "quantity": { "dist": "gaussian", "avg": 14, "var": 14 }
    },
    {
      "comment": "Patches of red currant",
      "blockCodes": [
        "bigberrybush-redcurrant-empty",
        "bigberrybush-redcurrant-flowering",
        "bigberrybush-redcurrant-ripe",
        "bigberrybush-redcurrant-ripe"
      ],
      "minTemp": -3,
      "maxTemp": 52,
      "minRain": 0.3,
      "maxRain": 1,
      "minFertility": 0.25,
      "maxFertility": 1,
      "chance": 0.06,
      "maxForest": 1,
      "maxY": 0.62,
        "quantity": {
            "dist": "gaussian",
            "avg": 14,
            "var": 14
        }
    },
    {
      "comment": "Patches of white currant",
      "blockCodes": [
        "bigberrybush-whitecurrant-empty",
        "bigberrybush-whitecurrant-flowering",
        "bigberrybush-whitecurrant-ripe",
        "bigberrybush-whitecurrant-ripe"
      ],
      "minTemp": 0,
      "maxTemp": 50,
      "minRain": 0.3,
      "maxRain": 1,
      "minFertility": 0.25,
      "maxFertility": 1,
      "chance": 0.01,
      "maxForest": 1,
      "maxY": 0.62,
        "quantity": {
            "dist": "gaussian",
            "avg": 14,
            "var": 14
        }
    },
    {
      "comment": "Patches of blueberries",
      "blockCodes": [
        "smallberrybush-blueberry-empty",
        "smallberrybush-blueberry-flowering",
        "smallberrybush-blueberry-ripe",
        "smallberrybush-blueberry-ripe"
      ],
      "minTemp": -2,
      "maxTemp": 55,
      "minRain": 0.3,
      "maxRain": 1,
      "maxFertility": 1,
      "chance": 0.05,
      "minForest": 0.5,
      "maxY": 0.85,
      "offsetX": { "dist": "gaussian", "avg": 0, "var": 15 },
      "offsetZ": { "dist": "gaussian", "avg": 0, "var": 15 },
        "quantity": {
            "dist": "gaussian",
            "avg": 14,
            "var": 14
        }
    },
    {
      "comment": "Patches of cranberry",
      "blockCodes": [
        "smallberrybush-cranberry-empty",
        "smallberrybush-cranberry-flowering",
        "smallberrybush-cranberry-ripe",
        "smallberrybush-cranberry-ripe"
      ],
      "minTemp": -2,
      "maxTemp": 55,
      "minRain": 0.45,
      "maxRain": 1,
      "maxFertility": 1,
      "chance": 0.04,
      "maxForest": 1,
      "maxY": 0.4,
      "offsetX": { "dist": "gaussian", "avg": 0, "var": 15 },
      "offsetZ": { "dist": "gaussian", "avg": 0, "var": 15 },
        "quantity": {
            "dist": "gaussian",
            "avg": 14,
            "var": 14
        }
    },
    {
      "comment": "Just random patches of short grass",
      "blockCodes": ["tallgrass-short"],
      "minTemp": 12,
      "minRain": 0.2,
      "quantity": { "avg": 20, "var": 10 },
      "chance": 0.2
    },
    {
      "comment": "Just random patches of tall grass",
      "blockCodes": ["tallgrass-tall"],
      "minTemp": 5,
      "minRain": 0.4,
      "quantity": { "avg": 20, "var": 10 },
      "chance": 0.2
    },
    {
      "comment": "Common Large patches of ferns in warm and wet forests",
      "blockCodes": ["tallfern"],
      "minTemp": 25,
      "minForest": 0.5,
      "minRain": 0.7,
      "quantity": { "avg": 25, "var": 20 },
      "chance": 3
    },
    {
      "comment": "Common Small patches of ferns in warm and wet forests",
      "blockCodes": ["tallfern"],
      "minTemp": 22,
      "minForest": 0.5,
      "minRain": 0.7,
      "quantity": { "avg": 5, "var": 3 },
      "chance": 4
    },
    {
      "comment": "Random loose patches of small free frosted tall grass in cold climates",
      "blockCodes": [
        "frostedtallgrass-mediumshort-covered",
        "frostedtallgrass-veryshort-covered",
        "frostedtallgrass-short-covered",
        "frostedtallgrass-mediumshort-covered"
      ],
      "minTemp": -12,
      "maxTemp": 0,
      "minRain": 0.12,
      "chance": 0.7,
      "offsetX": { "dist": "gaussian", "avg": 0, "var": 10 },
      "offsetZ": { "dist": "gaussian", "avg": 0, "var": 10 },
      "quantity": { "avg": 30, "var": 15 }
    },
    {
      "comment": "Random tight patches of tall free frosted tall grass in cold climates",
      "blockCodes": [
        "frostedtallgrass-medium-covered",
        "frostedtallgrass-tall-covered"
      ],
      "minTemp": -5,
      "maxTemp": 0,
      "minRain": 0.12,
      "chance": 0.4,
      "quantity": { "avg": 20, "var": 10 }
    },
    {
      "comment": "Single pieces of bony remains found in hot and dry climate",
      "blockCodes": ["bonyremains-cowskull-up", "bonyremains-ribcage"],
      "minTemp": 20,
      "maxTemp": 37,
      "minRain": 0,
      "maxRain": 0.28,
      "chance": 0.15,
      "quantity": { "avg": 1, "var": 0 }
    },
    {
      "comment": "Single hives found attached under trees. The beehive block itself makes sure it gets attached under a log / branchy leaves block",
      "blockCodes": ["wildbeehive-medium", "wildbeehive-large"],
      "minTemp": 5,
      "maxTemp": 35,
      "minRain": 0.35,
      "maxRain": 0.85,
      "minForest": 0.25,
      "chance": 0.7,
      "postPass": true,
      "quantity": { "avg": 1, "var": 0 }
    }
  ]
}
