﻿{
  "code": "landforms",
  "variants": [
    {
      "code": "snowplain smooth huge mounds",
      "comment": "",
      "hexcolor": "#000000",
      "weight": 1000000000,
      "useClimateMap": true,
      "terrainOctaves": [ 1, 1, 1, 1, 1, 1, 0.1, 0, 0 ],
      "terrainOctaveThresholds": [ 0, 0, 0, 0, 0, 0, 0, 0, 0 ],
      "terrainYKeyPositions": [ 0.0, 0.446, 0.459, 0.67, 0.81, 0.885 ],
      "terrainYKeyThresholds": [ 1.0, 1.0, 0.927, 0.543, 0.23, 0.0 ]
    },
    {
      "code": "tundra smooth mini mounds",
      "comment": "Super Smooth hills",
      "hexcolor": "#000001",
      "weight": 0.5,
      "terrainOctaves": [ 0, 0, 0, 0, 1, 0, 0.4, 0, 0.1 ],
      "terrainOctaveThresholds": [ 0, 0, 0, 0, 0, 0, 0, 0, 0 ],
      "terrainYKeyPositions": [ 0.0, 0.43, 0.46, 0.497 ],
      "terrainYKeyThresholds": [ 1.0, 1.0, 0.512, 0.0 ]
    },
    {
      "code": "temperateforest bumpy",
      "comment": "flat with small and big bumps",
      "hexcolor": "#000002",
      "weight": 16,
      "useClimateMap": false,
      "terrainOctaves": [ 0, 0, 0, 0, 0, 1.0, 0, 0.2, 0 ],
      "terrainOctaveThresholds": [ 0, 0, 0, 0, 0, 0.3, 0, 0, 0 ],
      "terrainYKeyPositions": [ 0.0, 0.43, 0.45, 0.562, 0.618, 0.623 ],
      "terrainYKeyThresholds": [ 1.0, 0.7, 0.5, 0.305, 0.098, 0.0 ]
    },
    {
      "code": "steppe smooth hills",
      "comment": "Super Smooth hills",
      "hexcolor": "#000003",
      "weight": 0.5,
      "terrainOctaves": [ 0, 0, 0, 0, 1, 0, 0.4, 0, 0.1 ],
      "terrainOctaveThresholds": [ 0, 0, 0, 0, 0, 0, 0, 0, 0 ],
      "terrainYKeyPositions": [ 0, 0.43, 0.5, 0.6 ],
      "terrainYKeyThresholds": [ 1, 1, 0.4, 0 ]
    },
    {
      "code": "marsh dense checker",
      "comment": "checkboard of land and water",
      "hexcolor": "#000004",
      "weight": 1000000000,
      "useClimateMap": true,
      "terrainOctaves": [ 0, 0, 0, 0, 0, 0, 0, 0, 1 ],
      "terrainOctaveThresholds": [ 0, 0, 0, 0, 0, 0, 0, 0, 0 ],
      "terrainYKeyPositions": [ 0.42, 0.44 ],
      "terrainYKeyThresholds": [ 1.0, 0.0 ]
    },
    {
      "code": "aridshrubland mini mounds",
      "comment": "",
      "hexcolor": "#000005",
      "weight": 1000000000,
      "useClimateMap": true,
      "terrainOctaves": [ 1, 1, 1, 1, 1, 1, 1, 1, 1 ],
      "terrainYKeyPositions": [ 0.435, 0.44, 0.445 ],
      "terrainYKeyThresholds": [ 1.0, 0.452, 0.0 ],
      "mutations": [
        {
          "chance": 0.5,
          "code": "dm mini mounds high",
          "hexcolor": "#011002",
          "weight": 1000000000,
          "terrainOctaves": [ 1, 1, 1, 1, 1, 1, 1, 1, 1 ],
          "terrainYKeyPositions": [ 0.435, 0.453 ],
          "terrainYKeyThresholds": [ 1.0, 0.0 ]
        }
      ]
    },
    {
      "code": "desert dunes",
      "comment": "flat land",
      "hexcolor": "#000006",
      "weight": 1,
      "useClimateMap": true,
      "terrainOctaves": [ 1, 1, 1, 1, 1, 1, 1, 1, 1 ],
      "terrainOctaveThresholds": [ 0, 0, 0, 0, 0, 0, 0, 0, 0.8 ],
      "terrainYKeyPositions": [ 0.438, 0.467 ],
      "terrainYKeyThresholds": [ 1.0, 0.003 ]
    },
    {
      "code": "jungle cuts",
      "comment": "",
      "hexcolor": "#000007",
      "weight": 1,
      "terrainOctaves": [ 1, 1, 1, 1, 1, 1, 1, 1, 0.6 ],
      "terrainYKeyPositions": [
        0.417,
        0.451,
        0.462,
        0.482,
        0.525,
        0.534,
        0.578,
        0.613,
        0.618
      ],
      "terrainYKeyThresholds": [
        1.0,
        0.62,
        0.32,
        0.318,
        0.351,
        0.063,
        0.057,
        0.065,
        0.0
      ]
    },
    {
      "code": "ocean little deep",
      "comment": "",
      "hexcolor": "#000008",
      "weight": 1,
      "useClimateMap": true,
      "terrainOctaves": [ 1, 1, 1, 1, 1, 1, 1, 0.2, 0 ],
      "terrainYKeyPositions": [ 0.110, 0.309, 0.448 ],
      "terrainYKeyThresholds": [ 1.000, 0.465, 0.000 ]
    },
    {
      "code": "beach",
      "comment": "",
      "hexcolor": "#000009",
      "weight": 1000000000,
      "terrainOctaves": [ 1, 0, 0, 0, 0, 0, 0, 0, 0 ],
      "terrainYKeyPositions": [ 0.416, 0.449 ],
      "terrainYKeyThresholds": [ 1.0, 0.0 ]
    },
    {
      "code": "smooth flat",
      "comment": "",
      "hexcolor": "#000010",
      "weight": 1000000000,
      "terrainOctaves": [ 1, 0, 0, 0, 0, 0, 0, 0, 0 ],
      "terrainYKeyPositions": [ 0.438, 0.449 ],
      "terrainYKeyThresholds": [ 1.0, 0.0 ]
    },
    {
      "code": "segment mountain",
      "comment": "",
      "hexcolor": "#000011",
      "weight": 1000000000,
      "terrainOctaves": [ 1, 1, 1, 1, 1, 1, 1, 0.2, 0 ],
      "terrainYKeyPositions": [ 0.453, 0.492, 0.617, 0.755, 0.77, 0.93, 0.935 ],
      "terrainYKeyThresholds": [ 1.0, 0.591, 0.475, 0.575, 0.458, 0.585, 0.467 ]
    },
    {
      "code": "needledflatlands",
      "comment": "Flat lands with very thin small hills",
      "hexcolor": "#000012",
      "weight": 3,
      "useClimateMap": false,
      "terrainOctaves": [ 0, 0, 0, 0, 0, 0, 0.1, 0.5, 0.75 ],
      "terrainOctaveThresholds": [ 0, 0, 0, 0, 0, 0, 0, 0, 0 ],
      "terrainYKeyPositions": [ 0.476, 0.488, 0.55, 0.559 ],
      "terrainYKeyThresholds": [ 1.0, 0.424, 0.282, 0.0 ]
    },
    {
      "code": "Realistic mountains",
      "comment": "Very large scale mountains",
      "hexcolor": "#000013",
      "weight": 2,
      "useClimateMap": false,
      "terrainOctaves": [ 1, 1, 1, 1, 0, 0.1, 0.1, 0.1, 0.1 ],
      "terrainOctaveThresholds": [ 0, 0, 0, 0, 0, 0, 0.03, 0.03, 0.05 ],
      "terrainYKeyPositions": [ 0.345, 0.405, 1.0 ],
      "terrainYKeyThresholds": [ 1.0, 0.593, 0.0 ]
    },
    {
      "code": "deathholes",
      "comment": "deep sink holes",
      "hexcolor": "#000014",
      "weight": 2,
      "terrainOctaves": [ 1, 1, 1, 1, 1, 1, 1, 1, 1 ],
      "terrainOctaveThresholds": [ 0, 0, 0, 0, 0, 0, 0, 0, 0 ],
      "terrainYKeyPositions": [ 0.028, 0.04, 0.437, 0.442 ],
      "terrainYKeyThresholds": [ 1.0, 0.922, 0.902, 0.0 ]
    },
    {
      "code": "millionstepmountains",
      "comment": "Million steps mountain",
      "hexcolor": "#000015",
      "weight": 2,
      "terrainOctaves": [ 0, 0, 0, 0, 1, 0, 0, 0.5, 0 ],
      "terrainOctaveThresholds": [ 0, 0, 0, 0, 0, 0, 0, 0, 0 ],
      "terrainYKeyPositions": [
        0.413,
        0.498,
        0.547,
        0.552,
        0.582,
        0.592,
        0.62,
        0.63,
        0.657,
        0.665,
        0.687,
        0.692,
        0.715,
        0.722,
        0.745,
        0.752,
        0.782,
        0.843,
        0.892
      ],
      "terrainYKeyThresholds": [
        1.0,
        0.532,
        0.53,
        0.482,
        0.48,
        0.442,
        0.442,
        0.402,
        0.402,
        0.37,
        0.37,
        0.34,
        0.34,
        0.307,
        0.303,
        0.27,
        0.27,
        0.007,
        0.0
      ]
    },
    {
      "code": "shallowmillionstepmountains",
      "comment": "More shallow Million steps mountain",
      "hexcolor": "#000016",
      "weight": 4,
      "terrainOctaves": [ 0, 0, 0, 0, 1, 0, 0, 0.5, 0.2 ],
      "terrainOctaveThresholds": [ 0, 0, 0, 0, 0, 0, 0, 0, 0 ],
      "terrainYKeyPositions": [
        0.418,
        0.449,
        0.474,
        0.502,
        0.507,
        0.526,
        0.539,
        0.556,
        0.563,
        0.583,
        0.589,
        0.605,
        0.61,
        0.623,
        0.63,
        0.647,
        0.652,
        0.669
      ],
      "terrainYKeyThresholds": [
        1.0,
        0.493,
        0.439,
        0.43,
        0.397,
        0.395,
        0.36,
        0.359,
        0.319,
        0.314,
        0.287,
        0.284,
        0.257,
        0.255,
        0.224,
        0.22,
        0.187,
        0.0
      ]
    },
    {
      "code": "roughflatlands",
      "comment": "Rough near sea level flat lands",
      "hexcolor": "#000017",
      "weight": 8,
      "terrainOctaves": [ 0, 0, 0, 0, 1, 0, 0, 0.5, 0.1 ],
      "terrainOctaveThresholds": [ 0, 0, 0, 0, 0, 0, 0, 0, 0 ],
      "terrainYKeyPositions": [ 0.438, 0.5, 0.6 ],
      "terrainYKeyThresholds": [ 1.0, 0.267, 0.0 ]
    },
    {
      "code": "roughlabyrinth",
      "comment": "Rough labyrhinth lands",
      "hexcolor": "#000018",
      "weight": 10,
      "terrainOctaves": [ 1, 1, 1, 1, 1, 1, 1, 1, 0.5 ],
      "terrainOctaveThresholds": [ 0, 0, 0, 0, 0, 0, 0, 0, 0 ],
      "terrainYKeyPositions": [ 0, 0.43, 0.45, 0.51 ],
      "terrainYKeyThresholds": [ 1, 1, 0.4, 0 ]
    },
    {
      "code": "supersmoothills",
      "comment": "Super Smooth hills",
      "hexcolor": "#000019",
      "weight": 0.5,
      "terrainOctaves": [ 0, 0, 0, 0, 1, 0, 0.4, 0, 0.1 ],
      "terrainOctaveThresholds": [ 0, 0, 0, 0, 0, 0, 0, 0, 0 ],
      "terrainYKeyPositions": [ 0, 0.43, 0.5, 0.6 ],
      "terrainYKeyThresholds": [ 1, 1, 0.4, 0 ]
    },
    {
      "code": "cold mountain range",
      "comment": "",
      "hexcolor": "#000020",
      "weight": 10000,
      "minTemp": -20,
      "maxTemp": -19.5,
      "useClimateMap": true,
      "terrainOctaves": [ 0, 0, 0, 1, 1, 1, 1, 0.6, 0.2 ],
      "terrainOctaveThresholds": [ 0, 0, 0, 0.5, 0, 0, 0, 0, 0 ],
      "terrainYKeyPositions": [ 0, 0.42, 0.5, 0.6, 0.7, 0.9, 0.97, 1 ],
      "terrainYKeyThresholds": [ 1, 1.0, 0.94, 1.0, 1.0, 0.2, 0.05, 0 ]
    },
    {
      "code": "humongous mountain",
      "comment": "humongous mountains with caverns in them",
      "hexcolor": "#000021",
      "weight": 1.5,
      "useClimateMap": false,
      "terrainOctaves": [ 0, 0, 0, 1, 1, 1, 1, 0.6, 0.15 ],
      "terrainOctaveThresholds": [ 0, 0, 0, 0.5, 0, 0, 0, 0, 0 ],
      "terrainYKeyPositions": [ 0.0, 0.33, 0.37, 0.42, 0.43, 0.5, 0.6, 0.7, 1.0 ],
      "terrainYKeyThresholds": [ 1.0, 1.0, 0.87, 0.84, 0.7, 0.94, 1.0, 1.0, 0.0 ],
      "mutations": [
        {
          "chance": 0.25,
          "code": "humongous mountain, cavernless",
          "hexcolor": "#79E02E",
          "terrainYKeyPositions": [ 0.0, 0.33, 0.6, 1.0 ],
          "terrainYKeyThresholds": [ 1.0, 1.0, 1.0, 0.0 ]
        }
      ]
    },
    {
      "code": "shallowislands",
      "comment": "Medium sized shallow islands with small bumps and lots of water",
      "hexcolor": "#000022",
      "weight": 20,
      "useClimateMap": false,
      "terrainOctaves": [ 0, 0, 0, 0.2, 1, 0.1, 0.25, 0.3, 0.6 ],
      "terrainOctaveThresholds": [ 0, 0, 0, 0, 0, 0, 0, 0, 0.25 ],
      "terrainYKeyPositions": [ 0.0, 0.36, 0.41, 0.43, 0.44, 0.471, 0.497, 0.54 ],
      "terrainYKeyThresholds": [ 1.0, 1.0, 0.805, 0.3, 0.192, 0.105, 0.016, 0.0 ]
    },
    {
      "code": "cliffy rolling hills",
      "comment": "cliffy rolling hills",
      "hexcolor": "#000023",
      "weight": 0.5,
      "useClimateMap": false,
      "terrainOctaves": [ 0.9, 0.81, 0.729, 0.6561, 0, 0, 0.5, 0.3, 0.1 ],
      "terrainOctaveThresholds": [ 0, 0, 0, 0, 0, 0, 0, 0, 0 ],
      "terrainYKeyPositions": [ 0, 0.43, 0.45, 0.74, 0.75 ],
      "terrainYKeyThresholds": [ 1, 1, 0.8, 0.2, 0 ]
    },
    {
      "code": "flatmanybumps",
      "comment": "Flat land with many bumps",
      "hexcolor": "#000024",
      "weight": 15,
      "useClimateMap": false,
      "terrainOctaves": [ 0, 0, 0, 0, 0.59049, 0.531441, 0.4, 0.6, 0.25 ],
      "terrainOctaveThresholds": [ 0, 0, 0, 0, 0, 0, 0, 0, 0 ],
      "terrainYKeyPositions": [ 0, 0.4, 0.43, 0.55 ],
      "terrainYKeyThresholds": [ 1, 1, 0.8, 0 ],
      "mutations": [
        {
          "chance": 0.3,
          "code": "rollinghillssubstract",
          "hexcolor": "#79E02E",
          "terrainYKeyPositions": [ 0, 0.4, 0.43, 0.45 ],
          "terrainYKeyThresholds": [ 1, 1, 0.8, 0 ]
        }
      ]
    },
    {
      "code": "singlestep near-sea level flat grasslands",
      "comment": "near-sea level flat grasslands with a single step",
      "hexcolor": "#000025",
      "weight": 4,
      "useClimateMap": false,
      "terrainOctaves": [ 1, 0.81, 0.729, 0.5, 0.3, 0, 1, 0.25, 0 ],
      "terrainOctaveThresholds": [ 0, 0, 0, 0, 0.1, 0, 0.4, 0.1, 0 ],
      "terrainYKeyPositions": [ 0, 0.44, 0.5, 0.52, 0.6, 0.7 ],
      "terrainYKeyThresholds": [ 1, 1, 0.5, 0.48, 0.15, 0.0 ]
    },
    {
      "code": "cliffislands",
      "comment": "Islands with tall cliffs",
      "hexcolor": "#000026",
      "weight": 3,
      "useClimateMap": false,
      "terrainOctaves": [
        0.9,
        0.81,
        0.729,
        0.6561,
        0.59049,
        0.531441,
        1,
        0.2,
        0.1
      ],
      "terrainOctaveThresholds": [ 0, 0, 0, 0, 0, 0, 0, 0, 0 ],
      "terrainYKeyPositions": [ 0.0, 0.41, 0.432, 0.44, 0.498, 0.547, 0.562 ],
      "terrainYKeyThresholds": [ 1.0, 1.0, 0.432, 0.402, 0.393, 0.167, 0.0 ],
      "mutations": [
        {
          "chance": 0.4,
          "code": "sharp cliff islands",
          "hexcolor": "#79E02E",
          "useClimateMap": false,
          "terrainOctaves": [
            0.9,
            0.81,
            0.729,
            0.6561,
            0.59049,
            0.531441,
            1,
            0.3,
            0.4
          ]
        }
      ]
    },
    {
      "code": "bumplands",
      "comment": "flat with small and big bumps",
      "hexcolor": "#000027",
      "weight": 16,
      "useClimateMap": false,
      "terrainOctaves": [ 0, 0, 0, 0, 0, 1.0, 0, 0.2, 0 ],
      "terrainOctaveThresholds": [ 0, 0, 0, 0, 0, 0.3, 0, 0, 0 ],
      "terrainYKeyPositions": [ 0, 0.43, 0.45, 0.7, 0.75, 0.76 ],
      "terrainYKeyThresholds": [ 1, 0.7, 0.5, 0.2, 0.02, 0 ]
    },
    {
      "code": "sparsecliffyswamplands",
      "comment": "Swamp lands with sparse short 2-stepped cliffs",
      "hexcolor": "#000028",
      "weight": 6,
      "useClimateMap": false,
      "terrainOctaves": [ 0, 0.1, 0.2, 0.3, 1.0, 0.4, 0.4, 0.5, 0.1 ],
      "terrainOctaveThresholds": [ 0, 0, 0, 0, 0.3, 0, 0, 0, 0 ],
      "terrainYKeyPositions": [ 0.434, 0.446, 0.465, 0.47, 0.488, 0.498, 0.521 ],
      "terrainYKeyThresholds": [ 1.0, 0.303, 0.297, 0.225, 0.222, 0.17, 0.0 ]
    },
    {
      "code": "deep water step mountains",
      "comment": "Step mountains in deep water",
      "hexcolor": "#000029",
      "weight": 1,
      "useClimateMap": false,
      "terrainOctaves": [
        0,
        0.81,
        0.729,
        0.6561,
        0.59049,
        0.531441,
        0.4,
        0.2,
        0
      ],
      "terrainYKeyPositions": [ 0, 0.45, 0.5, 0.6, 0.62, 0.68, 0.7 ],
      "terrainYKeyThresholds": [ 1, 0.65, 0.39, 0.2, 0.2, 0.05, 0.0 ]
    },
    {
      "code": "flathillvalley",
      "comment": "Flat lands with occasional hills and valleys",
      "hexcolor": "#000030",
      "weight": 8,
      "useClimateMap": false,
      "terrainOctaves": [ 0, 0, 0, 0, 0.2, 0.2, 1, 0.5, 0.3 ],
      "terrainOctaveThresholds": [ 0, 0, 0, 0.3, 0.3, 0.3, 0.3, 0.3, 0.2 ],
      "terrainYKeyPositions": [
        0.443,
        0.463,
        0.508,
        0.548,
        0.556,
        0.598,
        0.699,
        0.8
      ],
      "terrainYKeyThresholds": [ 1.0, 0.573, 0.373, 0.3, 0.272, 0.26, 0.11, 0.0 ]
    },
    {
      "code": "seapillars",
      "comment": "medium stepped pillars in the sea",
      "hexcolor": "#000031",
      "weight": 3,
      "useClimateMap": false,
      "terrainOctaves": [ 0, 0, 0, 0, 0, 0.2, 1, 0.7, 0.2 ],
      "terrainOctaveThresholds": [ 0, 0, 0, 0, 0, 0, 0, 0, 0.15 ],
      "terrainYKeyPositions": [
        0.0,
        0.365,
        0.415,
        0.46,
        0.51,
        0.52,
        0.56,
        0.57,
        0.65
      ],
      "terrainYKeyThresholds": [
        1.0,
        1.0,
        0.22,
        0.22,
        0.21,
        0.17,
        0.16,
        0.13,
        0.0
      ]
    },
    {
      "code": "marsh vanilla",
      "comment": "very flat lands with small rough hills",
      "hexcolor": "#000032",
      "weight": 13,
      "useClimateMap": false,
      "terrainOctaves": [ 0, 0, 0, 0, 0.2, 0.2, 1, 0.5, 0 ],
      "terrainOctaveThresholds": [ 0, 0, 0, 0, 0, 0, 0.4, 0.1, 0 ],
      "terrainYKeyPositions": [ 0, 0.4, 0.44, 0.51, 0.7 ],
      "terrainYKeyThresholds": [ 1, 1, 0.4, 0.2, 0 ]
    },
    {
      "code": "deathmarsh",
      "comment": "some strange pool here",
      "hexcolor": "#000033",
      "weight": 3,
      "useClimateMap": false,
      "terrainOctaves": [ 0, 0, 0, 0, 0.2, 0.2, 1, 0.5, 0 ],
      "terrainOctaveThresholds": [ 0, 0, 0, 0, 0, 0, 0.4, 0.1, 0 ],
      "terrainYKeyPositions": [ 0, 0.08, 0.4, 0.425, 0.43, 0.44, 0.51, 0.7 ],
      "terrainYKeyThresholds": [ 1, 0.66, 0.55, 0.7, 0.55, 0.35, 0.15, 0 ]
    },
    {
      "code": "bigfloaters",
      "comment": "checkboard of land and water",
      "hexcolor": "#000034",
      "weight": 1,
      "minTemp": -100,
      "minRain": 100,
      "useClimateMap": true,
      "terrainOctaves": [ 0, 0, 0, 0, 0, 0, 0, 0, 1 ],
      "terrainOctaveThresholds": [ 0, 0, 0, 0, 0, 0, 0, 0, 0 ],
      "terrainYKeyPositions": [ 0.049, 0.103, 0.321, 0.414, 0.426, 0.45, 0.46 ],
      "terrainYKeyThresholds": [ 1.0, 0.412, 0.412, 0.425, 0.425, 0.425, 0.232 ],
      "mutations": [
        {
          "code": "dm bigfloaters medium",
          "chance": 0.5,
          "comment": "checkboard of land and water",
          "hexcolor": "#11E02E",
          "terrainOctaves": [ 0, 0, 0, 0, 0, 0, 0, 0, 1 ],
          "terrainOctaveThresholds": [ 0, 0, 0, 0, 0, 0, 0, 0, 0 ],
          "terrainYKeyPositions": [
            0.049,
            0.092,
            0.193,
            0.321,
            0.414,
            0.426,
            0.455,
            0.46
          ],
          "terrainYKeyThresholds": [
            1.0,
            0.428,
            0.413,
            0.412,
            0.425,
            0.425,
            0.425,
            0.232
          ]
        },
        {
          "code": "dm bigfloaters big",
          "chance": 0.5,
          "comment": "checkboard of land and water",
          "hexcolor": "#12E02E",
          "terrainOctaves": [ 0, 0, 0, 0, 0, 0, 0, 0, 1 ],
          "terrainOctaveThresholds": [ 0, 0, 0, 0, 0, 0, 0, 0, 0 ],
          "terrainYKeyPositions": [
            0.049,
            0.08,
            0.216,
            0.321,
            0.414,
            0.426,
            0.46,
            0.467
          ],
          "terrainYKeyThresholds": [
            1.0,
            0.423,
            0.413,
            0.412,
            0.425,
            0.425,
            0.425,
            0.232
          ]
        }
      ]
    },
    {
      "code": "ocean abyss",
      "comment": "",
      "hexcolor": "#000035",
      "weight": 1000000000,
      "useClimateMap": true,
      "terrainOctaves": [ 1, 1, 1, 1, 1, 1, 1, 0.5, 0.4 ],
      "terrainYKeyPositions": [ 0.032, 0.05, 0.112 ],
      "terrainYKeyThresholds": [ 1.0, 0.461, 0.0 ]
    },
    {
      "code": "ocean mid",
      "comment": "",
      "hexcolor": "#000036",
      "weight": 1000000000,
      "useClimateMap": true,
      "terrainOctaves": [ 1, 1, 1, 1, 1, 1, 1, 0.2, 0 ],
      "terrainYKeyPositions": [ 0.175, 0.185, 0.259 ],
      "terrainYKeyThresholds": [ 1.0, 0.506, 0.0 ]
    },
    {
      "code": "mesa",
      "comment": "",
      "hexcolor": "#000037",
      "weight": 1000000000,
      "useClimateMap": true,
      "terrainOctaves": [ 1, 1, 1, 1, 1, 0, 0, 0, 0 ],
      "terrainYKeyPositions": [ 0.453, 0.555, 0.683, 0.693, 0.74, 0.9, 0.912 ],
      "terrainYKeyThresholds": [ 1.0, 0.335, 0.305, 0.17, 0.12, 0.098, 0.0 ]
    },
    {
      "code": "river shallow",
      "comment": "",
      "hexcolor": "#000038",
      "weight": 1000000000,
      "useClimateMap": true,
      "terrainOctaves": [ 1, 1, 1, 1, 1, 1, 1, 0.2, 0 ],
      "terrainYKeyPositions": [ 0.372, 0.41, 0.449 ],
      "terrainYKeyThresholds": [ 1.0, 0.506, 0.0 ]
    },
    {
      "code": "river deep",
      "comment": "",
      "hexcolor": "#000039",
      "weight": 1000000000,
      "useClimateMap": true,
      "terrainOctaves": [ 1, 1, 1, 1, 1, 1, 1, 0.2, 0 ],
      "terrainYKeyPositions": [ 0.2, 0.3, 0.449 ],
      "terrainYKeyThresholds": [ 1.0, 0.398, 0.0 ]
    },
    {
      "code": "river steep",
      "comment": "",
      "hexcolor": "#000040",
      "weight": 1000000000,
      "useClimateMap": true,
      "terrainOctaves": [ 1, 1, 1, 1, 1, 1, 1, 0.2, 0 ],
      "terrainYKeyPositions": [ 0.243, 0.26, 0.326 ],
      "terrainYKeyThresholds": [ 1.0, 0.397, 0.0 ]
    },
    {
      "code": "river beach steep",
      "comment": "",
      "hexcolor": "#000041",
      "weight": 1000000000,
      "useClimateMap": true,
      "terrainOctaves": [ 1, 1, 1, 1, 1, 1, 0.1, 0, 0 ],
      "terrainYKeyPositions": [ 0.308, 0.383, 0.432, 0.436 ],
      "terrainYKeyThresholds": [ 1.0, 0.202, 0.154, 0.0 ]
    },
    {
      "code": "river beach slope",
      "comment": "",
      "hexcolor": "#000042",
      "weight": 1000000000,
      "useClimateMap": true,
      "terrainOctaves": [ 1, 1, 1, 1, 1, 1, 0.1, 0, 0 ],
      "terrainYKeyPositions": [ 0.385, 0.405, 0.432, 0.436 ],
      "terrainYKeyThresholds": [ 1.0, 0.347, 0.154, 0.0 ]
    }
  ]
}