{
    "editor": {
        "allAngles": false,
        "singleTexture": false
    },
    "textureWidth": 16,
    "textureHeight": 16,
    "textures": {
        "kapok": "block/wood/bark/ebony",
        "kapok1": "block/wood/leaves/ebony1"
    },
    "elements": [
        {
            "name": "trunk",
            "from": [7.0, 0.0, 7.0],
            "to": [9.0, 10.0, 9.0],
            "faces": {
                "north": { "texture": "#kapok", "uv": [8.0, 4.0, 10.0, 14.0] },
                "east": { "texture": "#kapok", "uv": [11.0, 1.0, 13.0, 11.0] },
                "south": { "texture": "#kapok", "uv": [9.0, 5.0, 11.0, 15.0] },
                "west": { "texture": "#kapok", "uv": [4.0, 2.0, 6.0, 12.0] },
                "up": { "texture": "#kapok", "uv": [14.0, 12.0, 16.0, 14.0] },
                "down": { "texture": "#kapok", "uv": [14.0, 0.0, 16.0, 2.0] }
            },
            "children": [
                {
                    "name": "leaves",
                    "from": [-3.0, 6.0, -3.0],
                    "to": [5.0, 14.0, 5.0],
                    "tintIndex": 1,
                    "renderPass": 1,
                    "faces": {
                        "north": {
                            "texture": "#kapok1",
                            "uv": [1.0, 0.5, 9.0, 8.5]
                        },
                        "east": {
                            "texture": "#kapok1",
                            "uv": [0.0, 8.0, 8.0, 16.0]
                        },
                        "south": {
                            "texture": "#kapok1",
                            "uv": [8.0, 8.0, 16.0, 16.0]
                        },
                        "west": {
                            "texture": "#kapok1",
                            "uv": [5.0, 8.0, 13.0, 16.0]
                        },
                        "up": {
                            "texture": "#kapok1",
                            "uv": [8.0, 2.0, 16.0, 10.0]
                        },
                        "down": {
                            "texture": "#kapok1",
                            "uv": [3.0, 3.0, 11.0, 11.0]
                        }
                    }
                }
            ]
        }
    ]
}
