{
	code: "cassowary",
	class: "EntityAgent",
	hitboxSize: { x: 1.3, y: 2.5 },
	deadHitboxSize: { x: 2, y: 2 },
	attributes: {
		blockDiet: ["crop-cabbage*", "crop-carrot*", "crop-flax*", "crop-parsnip*", "crop-rye*", "crop-soybean*", "crop-spelt*", "crop-turnip*"]
	},
	eyeHeight: 2,
	drops: [],
	client: {
		renderer: "Shape",
		shape: { base: "land/cassowary" },
		texture: { base: "land/cassowary" },
		behaviors: [
			{ code: "repulseagents" }, 
			{ code: "controlledphysics", stepHeight: 1.5 }, 
			{ code: "floatupwhenstuck", onlyWhenDead: true },
			{ code: "interpolateposition" },
			{ code: "harvestable" }
		],
		animations: [
			{
				code: "hurt",
				animation: "hurt", 
				animationSpeed: 2.2,
				weight: 10,
				blendMode: "AddAverage" 
			},
			{
				code: "die",
				animation: "death", 
				animationSpeed: 1.25,
				weight: 10,
				blendMode: "Average",
				triggeredBy: { onControls: ["dead"] }
			},
			{ 
				code: "idle", 
				animation: "idle",
				blendMode: "AddAverage",
				easeOutSpeed: 2,
				triggeredBy: { defaultAnim: true },
			},
			{
				code: "sleep", 
				animation: "sleep",
				easeInSpeed: 4,
				easeOutSpeed: 4,
				blendMode: "Average" 
			},
			{
				code: "longdig",
				animation: "longdig", 
				animationSpeed: 1
			},
			{
				code: "sit", 
				animation: "sit",
				easeInSpeed: 4,
				easeOutSpeed: 4,
				blendMode: "Average"
			}
		]
	},
	server: {
		behaviors: [
			{ code: "repulseagents" }, 
			{ code: "controlledphysics", stepHeight: 1.5 },
			{ code: "despawn", minPlayerDistance: 8, belowLightLevel: 6, minSeconds: 300 },
			{ code: "health", currenthealth: 30, maxhealth: 30 },
			{ code: "deaddecay", hoursToDecay: 96, decayedBlock: "carcass-medium" },
			{ code: "floatupwhenstuck", onlyWhenDead: true },
			{ code: "harvestable", drops: [
				{
					type: "item", 
					code: "poultry-raw", 
					quantity: { avg: 13, var: 1 } 
				},
				{
					type: "item", 
					code: "hide-raw-huge", 
					quantity: { avg: 1, var: 1 } 
				},
				{
					type: "item", 
					code: "feather", 
					quantity: { avg: 16, var: 4 } 
				},
				{
					type: "item", 
					code: "seeds-pumpkin", 
					quantity: { avg: 0, var: 1 } 
				}
				]
			},
			{ code: "breathe" },
			{ 
				code: "emotionstates",
				states: [
					{ code: "fleeondamage", duration: 30, chance: 1, slot: 2, priority: 5, accumType: "max", whenHealthRelBelow: 0.3 },
					{ code: "saturated", duration: 1200, chance: 1, slot: 0, priority: 1, accumType: "sum" },
					{ code: "aggressiveondamage", duration: 150, chance: 1, slot: 2, priority: 2, accumType: "noaccum" },
					{ code: "alarmherdondamage", chance: 1, slot: 1, priority: 1, accumType: "max" }
				]
			},
			{ 
				code: "taskai",
				aitasks: [
					{
						code: "meleeattack",
						entityCodes: ["player"],
						priority: 2,
						damage: 5,
						damageTier: 2,
						slot: 1,
						mincooldown: 1000, 
						maxcooldown: 1500, 
						attackDurationMs: 1000,
						damagePlayerAtMs: 600,
						animation: "Attack",
						animationSpeed: 1,
						sound: "creature/cassowary/attack"
					},
					{
						code: "fleeentity",
						entityCodes: ["player"],
						priority: 1.4,
						movespeed: 0.05,
						seekingRange: 30,
						animation: "Run",
						animationSpeed: 1,
						whenInEmotionState: "fleeondamage"
					},
					{
						code: "seekentity",
						entityCodes: ["player"],
						priority: 1.7,
						movespeed: 0.050,
						seekingRange: 45,
						animation: "Run",
						leapAtTarget: true,
						leapAnimation: null,
						animationSpeed: 1.4,
						leapChance: 0.3,
						sound: "creature/cassowary/growl",
						whenInEmotionState: "aggressiveondamage"
					},
					
					{
						code: "idle",
						priority: 1.55,
						priorityForCancel: 1.55,
						minduration: 200000,
						maxduration: 800000,
						mincooldown: 10000,
						maxcooldown: 30000,
						animation: "Sleep",
						whenNotInEmotionState: "aggressiveondamage",
						duringDayTimeFrames: [ { fromHour: 10, toHour: 18 }, { fromHour: 1, toHour: 3 } ],
						stopOnNearbyEntityCodes: ["player"],
						stopRange: 20,
						stopOnHurt: true
					},
					{
						code: "idle",
						priority: 1.3,
						priorityForCancel: 1.35,
						minduration: 2500,
						maxduration: 2500,
						mincooldown: 6000,
						maxcooldown: 20000,
						animation: "Screech",
						animationSpeed: 0.5,
						sound: "creature/cassowary/howl",
						whenNotInEmotionState: "aggressiveondamage",
						soundRange: 110
					},
					{
						code: "idle",
						priority: 1.2,
						priorityForCancel: 1.35,
						minduration: 2500,
						maxduration: 2500,
						mincooldown: 6000,
						maxcooldown: 20000,
						animation: "Longdig",
						whenNotInEmotionState: "aggressiveondamage",
						animationSpeed: 1
					},
					{
						code: "seekfoodandeat",
						movespeed: 0.05,
						priority: 2,
						eatTime: 1.8,
						eatLooseItems: true,
						eatItemCategories: ["Vegetable", "Grain"],
						animationSpeed: 1.1,
						animation: "Walk",
						eatAnimation: "Longdig",
						mincooldownHours: 4,
						maxcooldownHours: 6
					},	
					{
						code: "getoutofwater",
						priority: 1.3,
						movespeed: 0.2,
						animation: "Swim",
						animationSpeed: 2.2
					},
					{
						code: "wander", 
						priority: 1.1, 
						priorityForCancel: 1.35,
						movespeed: 0.03,
						animation: "Walk",
						animationSpeed: 1.2,
						whenNotInEmotionState: "aggressiveondamage",
						preferredLightLevel: 20
					},
					{ 
						code: "lookaround", 
						priority: 0.5
					}
				]
			}
		],
		spawnconditions: {
			worldgen: {
				"group": "hostile",
				"TriesPerChunk": {
					"avg": 0.05,
					"var": 0
				},
				"tryOnlySurface": true,
				"minLightLevel": 10,
				"minTemp": 25,
				"maxTemp": 40,
				"minRain": 0.1,
				"maxRain": 0.39,
				"maxForest": 0.75
			},
			runtime: {
				"group": "hostile",
				"tryOnlySurface": true,
				"chance": 0.001,
				"maxQuantity": 2,
				"minLightLevel": 10,
				"minTemp": 25,
				"maxTemp": 40,
				"minRain": 0.1,
				"maxRain": 0.39,
				"maxForest": 0.75
			}
		}
	},
	sounds: {
		hurt: "creature/cassowary/hurt",
		death: "creature/cassowary/hurt",
		idle: "creature/cassowary/howl"
	},
	idleSoundChance: 0.1
}