[
  {
    "code": "bauxpearl",
    "triesPerChunk": 128,
    "withOreMap": true,
    "handbookPageCode": "item-gem-bauxpearl-rough",
    "generator": "disc-followsealevel",
    "attributes": {
      "inblock": {
        "code": "rock-*",
        "name": "rock",
        "allowedVariants": ["bauxite"]
      },
      "placeblock": {
        "code": "ore-*-bauxpearl-{rock}",
        "name": "potential",
        "allowedVariantsByInBlock": {
          "rock-bauxite": ["high"]
        }
      },
      "radius": { "dist": "uniform", "avg": 2, "var": 1 },
      "yPosRel": { "dist": "uniform", "avg": 0.1, "var": 0.1 },
      "thickness": { "dist": "uniform", "avg": 1, "var": 0 }
    }
  }
]
