[
  {
    "code": "ruby",
    "triesPerChunk": 32,
    "withOreMap": true,
    "handbookPageCode": "item-gem-ruby-rough",
    "generator": "disc-followsealevel",
    "attributes": {
      "inblock": {
        "code": "rock-*",
        "name": "rock",
        "allowedVariants": [
          "basalt",
          "kimberlite",
          "shale",
          "granite",
          "peridotite",
          "slate"
        ]
      },
      "placeblock": {
        "code": "ore-*-ruby-{rock}",
        "name": "potential",
        "allowedVariantsByInBlock": {
          "rock-basalt": ["low"],
          "rock-shale": ["low"],
          "rock-kimberlite": ["low"],
          "rock-granite": ["low", "medium"],
          "rock-peridotite": ["low", "medium"],
          "rock-phyllite": ["low", "medium"],
          "rock-slate": ["low", "medium", "high"]
        }
      },
      "radius": { "dist": "gaussian", "avg": 2, "var": 1 },
      "yPosRel": { "dist": "uniform", "avg": 0.1, "var": 0.1 },
      "thickness": { "dist": "uniform", "avg": 1, "var": 0 }
    }
  }
]
