﻿{
    "code": "forests",
    "variants": [
        {
            "code": "Mountain",
            "_index": 0,
            "density": 0.3,
            "treeProps": [
                {
                    "code": "dominions:vanilla/mountainmaple",
                    "size": {
                        "avg": 1.1,
                        "var": 0.2,
                        "dist": "uniform"
                    },
                    "distance": 6,
                    "sideDistance": 3,
                    "weight": 100
                },
                {
                    "code": "dominions:vanilla/dwarfbirch",
                    "size": {
                        "avg": 1.0,
                        "var": 0.1,
                        "dist": "uniform"
                    },
                    "isShrub": true,
                    "weight": 500
                }

            ]
        },
        {
            "code": "CypressBirch",
            "_index": 1,
            "density": 0.3,
            "treeProps": [
                {
                    "code": "dominions:vanilla/cypress",
                    "size": {
                        "avg": 1.1,
                        "var": 0.1,
                        "dist": "uniform"
                    },
                    "distance": 4,
                    "sideDistance": 2,
                    "weight": 100
                },
                {
                    "code": "dominions:vanilla/silverbirch",
                    "size": {
                        "avg": 1.1,
                        "var": 0.4,
                        "dist": "uniform"
                    },
                    "isShrub": true,
                    "weight": 100
                },
                {
                    "code": "dominions:vanilla/dwarfbirch",
                    "size": {
                        "avg": 1.1,
                        "var": 0.4,
                        "dist": "uniform"
                    },
                    "isShrub": true,
                    "weight": 500
                }
            ]
        },
        {
            "code": "Firs",
            "_index": 2,
            "density": 0.3,
            "treeProps": [
                {
                    "code": "dominions:vanilla/fir",
                    "size": {
                        "avg": 1.2,
                        "var": 0.2,
                        "dist": "uniform"
                    },
                    "distance": 5,
                    "sideDistance": 3,
                    "weight": 100
                },
                {
                    "code": "dominions:vanilla/dwarfbirch",
                    "size": {
                        "avg": 1.1,
                        "var": 0.4,
                        "dist": "uniform"
                    },
                    "isShrub": true,
                    "weight": 500
                }
            ]
        },
        {
            "code": "TallMaples",
            "_index": 3,
            "density": 0.5,
            "treeProps": [
                {
                    "code": "dominions:vanilla/norwaymaple",
                    "size": {
                        "avg": 1.3,
                        "var": 0.3
                    },
                    "distance": 3,
                    "sideDistance": 2,
                    "weight": 100
                },
                {
                    "code": "dominions:vanilla/norwaymaple",
                    "size": {
                        "avg": 0.15,
                        "var": 0.05,
                        "dist": "uniform"
                    },
                    "isShrub": true,
                    "weight": 500
                }
            ]
        },
        {
            "code": "RedWoodPine",
            "_index": 4,
            "density": 0.4,
            "treeProps": [
                {
                    "code": "dominions:vanilla/redwoodpine",
                    "size": {
                        "avg": 1.3,
                        "var": 0.2
                    },
                    "distance": 5,
                    "sideDistance": 3,
                    "weight": 200
                },
                {
                    "code": "dominions:vanilla/scotspine",
                    "size": {
                        "avg": 0.6,
                        "var": 0.3,
                        "dist": "uniform"
                    },
                    "isShrub": true,
                    "weight": 200
                },
                {
                    "code": "dominions:vanilla/silverbirch",
                    "size": {
                        "avg": 1,
                        "var": 0.15,
                        "dist": "uniform"
                    },
                    "isShrub": true,
                    "weight": 50
                }
            ]
        },
        {
            "code": "DenseTallWillow",
            "_index": 5,
            "density": 0.7,
            "treeProps": [
                {
                    "code": "dominions:custom/tallwillow",
                    "size": {
                        "avg": 1,
                        "var": 0.3,
                        "dist": "uniform"
                    },
                    "distance": 2,
                    "sideDistance": 1,
                    "weight": 100
                },
                {
                    "code": "dominions:vanilla/silverbirch",
                    "size": {
                        "avg": 0.1,
                        "var": 0.05,
                        "dist": "uniform"
                    },
                    "isShrub": true,
                    "weight": 200
                }
            ]
        },
        {
            "code": "SparseTallWillow",
            "_index": 6,
            "density": 0.5,
            "treeProps": [
                {
                    "code": "dominions:custom/tallwillow",
                    "size": {
                        "avg": 1.3,
                        "var": 0.3,
                        "dist": "uniform"
                    },
                    "distance": 6,
                    "sideDistance": 3,
                    "weight": 100
                },
                {
                    "code": "dominions:vanilla/silverbirch",
                    "size": {
                        "avg": 0.1,
                        "var": 0.05,
                        "dist": "uniform"
                    },
                    "isShrub": true,
                    "weight": 200
                }
            ]
        },
        {
            "code": "SingleGreatWillowWithShrubs",
            "_index": 7,
            "density": 0.3,
            "treeProps": [
                {
                    "code": "dominions:custom/greatwillow",
                    "size": {
                        "avg": 0.8,
                        "var": 0.2,
                        "dist": "uniform"
                    },
                    "distance": 15,
                    "sideDistance": 10,
                    "weight": 50
                },
                {
                    "code": "dominions:vanilla/dwarfbirch",
                    "size": {
                        "avg": 1,
                        "var": 0.1,
                        "dist": "uniform"
                    },
                    "isShrub": true,
                    "weight": 1000
                }
            ]
        },
        {
            "code": "SingleWillowWithShrubs",
            "_index": 8,
            "density": 0.5,
            "treeProps": [
                {
                    "code": "dominions:custom/willow",
                    "size": {
                        "avg": 0.8,
                        "var": 0.2,
                        "dist": "uniform"
                    },
                    "distance": 15,
                    "sideDistance": 10,
                    "weight": 30
                },
                {
                    "code": "dominions:vanilla/dwarfbirch",
                    "size": {
                        "avg": 1,
                        "var": 0.1,
                        "dist": "uniform"
                    },
                    "isShrub": true,
                    "weight": 1000
                }
            ]
        },
        {
            "code": "Maple",
            "_index": 9,
            "density": 0.5,
            "treeProps": [
                {
                    "code": "dominions:vanilla/sugarmaple",
                    "size": {
                        "avg": 1.2,
                        "var": 0.1,
                        "dist": "uniform"
                    },
                    "weight": 100
                },
                {
                    "code": "dominions:vanilla/silverbirch",
                    "size": {
                        "avg": 1.2,
                        "var": 0.1,
                        "dist": "uniform"
                    },
                    "weight": 100
                },
                {
                    "code": "dominions:vanilla/sugarmaplesmall",
                    "size": {
                        "avg": 0.8,
                        "var": 0.2,
                        "dist": "uniform"
                    },
                    "isShrub": true,
                    "weight": 150
                }
            ]
        },
        {
            "code": "Oak",
            "_index": 10,
            "density": 0.5,
            "treeProps": [
                {
                    "code": "dominions:vanilla/englishoak",
                    "size": {
                        "avg": 1.1,
                        "var": 0.3,
                        "dist": "uniform"
                    },
                    "distance": 6,
                    "sideDistance": 3,
                    "weight": 100
                },
                {
                    "code": "dominions:vanilla/englishoak",
                    "size": {
                        "avg": 0.4,
                        "var": 0.2,
                        "dist": "uniform"
                    },
                    "isShrub": true,
                    "weight": 100
                }
            ]
        },
        {
            "code": "SingleBigOak",
            "_index": 11,
            "density": 0.1,
            "treeProps": [
                {
                    "code": "dominions:vanilla/oldenglishoak",
                    "size": {
                        "avg": 2,
                        "var": 0.3,
                        "dist": "uniform"
                    },
                    "distance": 30,
                    "weight": 100
                }
            ]
        },
        {
            "code": "RedEucalyptus",
            "_index": 12,
            "density": 0.6,
            "treeProps": [
                {
                    "code": "dominions:custom/redeucalyptus",
                    "size": {
                        "avg": 0.5,
                        "var": 0.1,
                        "dist": "uniform"
                    },
                    "distance": 3,
                    "sideDistance": 2,
                    "weight": 100
                },
                {
                    "code": "dominions:custom/redeucalyptus",
                    "size": {
                        "avg": 1.5,
                        "var": 0.2,
                        "dist": "uniform"
                    },
                    "distance": 3,
                    "sideDistance": 2,
                    "weight": 100
                },
                {
                    "code": "dominions:custom/redeucalyptus",
                    "size": {
                        "avg": 3.0,
                        "var": 0.1,
                        "dist": "uniform"
                    },
                    "distance": 3,
                    "sideDistance": 2,
                    "weight": 100
                },
                {
                    "code": "dominions:custom/redeucalyptus",
                    "size": {
                        "avg": 4.1,
                        "var": 0.1,
                        "dist": "uniform"
                    },
                    "distance": 3,
                    "sideDistance": 2,
                    "weight": 100
                },
                {
                    "code": "dominions:vanilla/dwarfbirch",
                    "size": {
                        "avg": 1.2,
                        "var": 0.1
                    },
                    "weight": 300,
                    "isShrub": true
                }
            ]
        },
        {
            "code": "KapokOldKapokLargeKapok",
            "_index": 13,
            "density": 1,
            "treeProps": [
                {
                    "code": "dominions:vanilla/OldKapok",
                    "size": {
                        "avg": 1.3,
                        "var": 0.6,
                        "dist": "uniform"
                    },
                    "distance": 12,
                    "sideDistance": 6,
                    "weight": 20
                },
                {
                    "code": "dominions:vanilla/Kapok",
                    "size": {
                        "avg": 1.8,
                        "var": 0.2,
                        "dist": "inversegaussian"
                    },
                    "weight": 100,
                    "distance": 6,
                    "sideDistance": 3
                },
                {
                    "code": "dominions:vanilla/LargeKapok",
                    "size": {
                        "avg": 1,
                        "var": 0.2,
                        "dist": "inversegaussian"
                    },
                    "weight": 100,
                    "distance": 6,
                    "sideDistance": 3
                },
                {
                    "code": "dominions:vanilla/sugarmaplesmall",
                    "size": {
                        "avg": 1.2,
                        "var": 0.3
                    },
                    "weight": 300,
                    "isShrub": true
                },
                {
                    "code": "dominions:vanilla/vineykapok",
                    "size": {
                        "avg": 0.4,
                        "var": 0.1
                    },
                    "weight": 600,
                    "isShrub": true
                }

            ]
        },
        {
            "code": "Ebony",
            "_index": 14,
            "density": 0.1,
            "treeProps": [
                {
                    "code": "dominions:custom/ebony",
                    "size": {
                        "avg": 0.8,
                        "var": 0.1
                    },
                    "distance": 10,
                    "sideDistance": 4,
                    "weight": 10
                },
                {
                    "code": "dominions:vanilla/dwarfbirch",
                    "size": {
                        "avg": 0.8,
                        "var": 0.2
                    },
                    "weight": 100,
                    "isShrub": true
                }
            ]
        },
        {
            "code": "Araucaria",
            "_index": 15,
            "density": 0.5,
            "treeProps": [
                {
                    "code": "dominions:custom/araucaria",
                    "size": {
                        "avg": 1,
                        "var": 0.1,
                        "dist": "inversegaussian"
                    },
                    "distance": 10,
                    "sideDistance": 6,
                    "weight": 100
                },
                {
                    "code": "dominions:custom/araucaria",
                    "size": {
                        "avg": 0.8,
                        "var": 0.1
                    },
                    "distance": 8,
                    "sideDistance": 5,
                    "weight": 100
                },
                {
                    "code": "dominions:vanilla/riverbirch",
                    "size": {
                        "avg": 1,
                        "var": 0.5,
                        "dist": "inversegaussian"
                    },
                    "isShrub": true,
                    "weight": 100
                }

            ]
        },
        {
            "code": "Baobab",
            "_index": 16,
            "density": 0.05,
            "treeProps": [
                {
                    "code": "dominions:custom/baobab",
                    "size": {
                        "avg": 1.2,
                        "var": 0.2
                    },
                    "distance": 30,
                    "sideDistance": 0,
                    "weight": 10
                },
                {
                    "code": "dominions:vanilla/deadacacia",
                    "size": {
                        "avg": 0.5,
                        "var": 0.4,
                        "dist": "inversegaussian"
                    },
                    "weight": 100,
                    "isShrub": true
                }
            ]
        },
        {
            "code": "Palm",
            "_index": 17,
            "density": 0.5,
            "treeProps": [
                {
                    "code": "dominions:custom/palm",
                    "size": {
                        "avg": 1.5,
                        "var": 0.7
                    },
                    "distance": 15,
                    "sideDistance": 7,
                    "weight": 10
                },
                {
                    "code": "dominions:vanilla/dwarfbirch",
                    "size": {
                        "avg": 0.8,
                        "var": 0.2,
                        "dist": "inversegaussian"
                    },
                    "weight": 100,
                    "isShrub": true
                }
            ]
        },
        {
            "code": "Bristle",
            "_index": 18,
            "density": 0.25,
            "treeProps": [
                {
                    "code": "dominions:vanilla/bristleconepine",
                    "size": {
                        "avg": 1.2,
                        "var": 0.2
                    },
                    "distance": 3,
                    "sideDistance": 2,
                    "weight": 10
                },
                {
                    "code": "dominions:vanilla/bristleconepine",
                    "size": {
                        "avg": 0.4,
                        "var": 0.2
                    },
                    "weight": 100,
                    "isShrub": true
                }
            ]
        },
        {
            "code": "Acacia",
            "_index": 19,
            "density": 0.01,
            "treeProps": [
                {
                    "code": "dominions:vanilla/acacia",
                    "size": {
                        "avg": 2.0,
                        "var": 0.1
                    },
                    "distance": 5,
                    "sideDistance": 4,
                    "weight": 100
                },
                {
                    "code": "dominions:vanilla/acacia",
                    "size": {
                        "avg": 1.5,
                        "var": 0.1
                    },
                    "distance": 5,
                    "sideDistance": 4,
                    "weight": 100
                },
                {
                    "code": "dominions:vanilla/deadacacia",
                    "size": {
                        "avg": 1.4,
                        "var": 0.1
                    },
                    "weight": 10,
                    "isShrub": true
                }
            ]
        },
        {
            "code": "ScotsCypress",
            "_index": 20,
            "density": 0.7,
            "treeProps": [
                {
                    "code": "dominions:vanilla/cypress",
                    "size": {
                        "avg": 2,
                        "var": 0.4
                    },
                    "weight": 100,
                    "distance": 4,
                    "sideDistance": 2
                },
                {
                    "code": "dominions:vanilla/pricklymoses",
                    "size": {
                        "avg": 1,
                        "var": 0.4
                    },
                    "weight": 100,
                    "isShrub": true
                }
            ]
        },
        {
            "code": "OakOldOak",
            "_index": 21,
            "density": 0.5,
            "treeProps": [
                {
                    "code": "dominions:vanilla/englishoak",
                    "size": {
                        "avg": 1.3,
                        "var": 0.3,
                        "dist": "uniform"
                    },
                    "distance": 7,
                    "sideDistance": 4,
                    "weight": 100
                },
                {
                    "code": "dominions:vanilla/oldenglishoak",
                    "size": {
                        "avg": 1.1,
                        "var": 0.2,
                        "dist": "uniform"
                    },
                    "distance": 9,
                    "sideDistance": 5,
                    "weight": 100
                },
                {
                    "code": "dominions:vanilla/englishoak",
                    "size": {
                        "avg": 0.3,
                        "var": 0.1,
                        "dist": "uniform"
                    },
                    "isShrub": true,
                    "weight": 100
                }
            ]
        },
        {
            "code": "BirchOak",
            "_index": 22,
            "density": 0.5,
            "treeProps": [
                {
                    "code": "dominions:vanilla/englishoak",
                    "size": {
                        "avg": 1.1,
                        "var": 0.3,
                        "dist": "uniform"
                    },
                    "distance": 5,
                    "sideDistance": 3,
                    "weight": 50
                },
                {
                    "code": "dominions:vanilla/riverbirch",
                    "size": {
                        "avg": 1.4,
                        "var": 0.2
                    },
                    "weight": 100,
                    "distance": 5,
                    "sideDistance": 3
                }
            ]
        },
        {
            "code": "MapleOak",
            "_index": 23,
            "density": 0.4,
            "treeProps": [
                {
                    "code": "dominions:vanilla/norwaymaple",
                    "size": {
                        "avg": 1.2,
                        "var": 0.2
                    },
                    "distance": 3,
                    "sideDistance": 2,
                    "weight": 70
                },
                {
                    "code": "dominions:vanilla/englishoak",
                    "size": {
                        "avg": 1.1,
                        "var": 0.3,
                        "dist": "uniform"
                    },
                    "distance": 6,
                    "sideDistance": 3,
                    "weight": 50
                },
                {
                    "code": "dominions:vanilla/englishoak",
                    "size": {
                        "avg": 0.2,
                        "var": 0.1
                    },
                    "weight": 100,
                    "isShrub": true
                }
            ]
        },
        {
            "code": "KapokRedeucalyptus",
            "_index": 24,
            "density": 0.7,
            "treeProps": [
                {
                    "code": "dominions:vanilla/kapok",
                    "size": {
                        "avg": 1.1,
                        "var": 0.4,
                        "dist": "inversegaussian"
                    },
                    "weight": 100,
                    "distance": 5,
                    "sideDistance": 5
                },
                {
                    "code": "dominions:custom/greatredeucalyptus",
                    "size": {
                        "avg": 3,
                        "var": 0.4,
                        "dist": "inversegaussian"
                    },
                    "weight": 70,
                    "isShrub": true
                },
                {
                    "code": "dominions:custom/redeucalyptus",
                    "size": {
                        "avg": 1,
                        "var": 0.3,
                        "dist": "inversegaussian"
                    },
                    "weight": 70,
                    "isShrub": true
                },
                {
                    "code": "dominions:vanilla/vineykapok",
                    "size": {
                        "avg": 0.4,
                        "var": 0.2
                    },
                    "weight": 800,
                    "isShrub": true
                }
            ]
        },
        {
            "code": "StrangeBirch",
            "_index": 25,
            "density": 0.5,
            "treeProps": [
                {
                    "code": "dominions:vanilla/dwarfbirch",
                    "size": {
                        "avg": 3,
                        "var": 1,
                        "dist": "uniform"
                    },
                    "distance": 6,
                    "sideDistance": 3,
                    "weight": 50
                },
                {
                    "code": "dominions:vanilla/dwarfbirch",
                    "size": {
                        "avg": 0.6,
                        "var": 0.1
                    },
                    "weight": 100,
                    "isShrub": true
                }
            ]
        },
        {
            "code": "Birch",
            "_index": 26,
            "density": 0.5,
            "treeProps": [
                {
                    "code": "dominions:vanilla/silverbirch",
                    "size": {
                        "avg": 1.4,
                        "var": 0.2
                    },
                    "weight": 100,
                    "distance": 5,
                    "sideDistance": 3
                },
                {
                    "code": "dominions:vanilla/dwarfbirch",
                    "size": {
                        "avg": 1.0,
                        "var": 0.3,
                        "dist": "uniform"
                    },
                    "isShrub": true,
                    "weight": 500
                }
            ]
        },
        {
            "code": "ShrubThin",
            "_index": 27,
            "density": 0.1,
            "treeProps": [
                {
                    "code": "dominions:vanilla/dwarfbirch",
                    "size": {
                        "avg": 0.7,
                        "var": 0.2,
                        "dist": "uniform"
                    },
                    "isShrub": true,
                    "weight": 500
                }
            ]
        },
        {
            "code": "ShrubThick",
            "_index": 28,
            "density": 0.5,
            "treeProps": [
                {
                    "code": "dominions:vanilla/vineykapok",
                    "size": {
                        "avg": 0.2,
                        "var": 0.15,
                        "dist": "uniform"
                    },
                    "isShrub": true,
                    "weight": 500
                }
            ]
        },
        {
            "code": "ShrubThickest",
            "_index": 29,
            "density": 1,
            "treeProps": [
                {
                    "code": "dominions:vanilla/dwarfbirch",
                    "size": {
                        "avg": 1.0,
                        "var": 0.3,
                        "dist": "uniform"
                    },
                    "isShrub": true,
                    "weight": 100
                },
                {
                    "code": "dominions:vanilla/englishoak",
                    "size": {
                        "avg": 0.2,
                        "var": 0.1
                    },
                    "weight": 100,
                    "isShrub": true
                }
            ]
        }
    ]
}
