{
  "code": "saltwaterportion",
  "class": "ItemLiquidPortion",
  "matterState": "liquid",
  "attributes": {
    "waterTightContainerProps": {
      "containable": true,
      "itemsPerLitre": 1,
      "texture": { "base": "block/liquid/waterportion" },
      "tintIndex": 2,
      "whenSpilled": {
        "action": "PlaceBlock",
        "stack": {
          "type": "block",
          "code": "saltwater-still-3"
        },
        "stackByFillLevel": {
          "10": {
            "type": "block",
            "code": "saltwater-still-7"
          }
        }
      }
    }
  },
  "texture": { "base": "item/liquid/saltwaterportion" },
  "creativeinventory": {
    "general": [ "*" ],
    "items": [ "*" ]
  },
  "maxstacksize": 16,
  "materialDensity": 200
}