[
  {
    "file": "game:worldgen/deposits/mineralore/quartz",
    "op": "replace",
    "path": "/0/attributes/radius/avg",
    "value": 88
  },
  {
    "file": "game:worldgen/deposits/mineralore/quartz",
    "op": "replace",
    "path": "/0/childDeposits/0/attributes/radius/avg",
    "value": 24
  },
  {
    "file": "game:worldgen/deposits/mineralore/quartz",
    "op": "replace",
    "path": "/0/childDeposits/1/attributes/radius/avg",
    "value": 24
  },
  {
    "file": "game:worldgen/deposits/mineralore/quartz",
    "op": "replace",
    "path": "/0/childDeposits/0/triesPerChunk",
    "value": 80
  },
  {
    "file": "game:worldgen/deposits/mineralore/quartz",
    "op": "replace",
    "path": "/0/childDeposits/1/triesPerChunk",
    "value": 160
  }
]
