[
  {
    "file": "game:worldgen/deposits/rock/marble",
    "op": "replace",
    "path": "/0/attributes/radius/avg",
    "value": 72
  },
  {
    "file": "game:worldgen/deposits/rock/marble",
    "op": "replace",
    "path": "/1/attributes/radius/avg",
    "value": 72
  },
  {
    "file": "game:worldgen/deposits/rock/marble",
    "op": "replace",
    "path": "/2/attributes/radius/avg",
    "value": 72
  },
  {
    "file": "game:worldgen/deposits/rock/marble",
    "op": "replace",
    "path": "/3/attributes/radius/avg",
    "value": 72
  },
  {
    "file": "game:worldgen/deposits/rock/marble",
    "op": "replace",
    "path": "/4/attributes/radius/avg",
    "value": 72
  }
]
