{
  "editor": {
    "allAngles": true,
    "singleTexture": false
  },
  "textureWidth": 16,
  "textureHeight": 16,
  "textures": {
    "sapphire": "/assets/game/textures/block/stone/gem/sapphire"
  },
  "elements": [
    {
      "name": "origin",
      "from": [6.8, -0.5, 6.4],
      "to": [6.8, -0.5, 6.4],
      "rotationOrigin": [8.0, 0.0, 8.0],
      "faces": {
        "north": {
          "texture": "#native",
          "uv": [6.0, 6.0, 6.5, 6.5],
          "enabled": false
        },
        "east": {
          "texture": "#native",
          "uv": [8.0, 8.0, 8.5, 8.5],
          "enabled": false
        },
        "south": {
          "texture": "#native",
          "uv": [5.0, 8.0, 5.5, 8.5],
          "enabled": false
        },
        "west": {
          "texture": "#native",
          "uv": [7.0, 7.0, 7.5, 7.5],
          "enabled": false
        },
        "up": {
          "texture": "#native",
          "uv": [0.0, 12.0, 0.5, 12.5],
          "enabled": false
        },
        "down": {
          "texture": "#native",
          "uv": [5.0, 6.0, 5.5, 6.5],
          "enabled": false
        }
      },
      "children": [
        {
          "name": "Cube5",
          "from": [0.8, 0.8, 1.2],
          "to": [1.5, 2.3, 1.9],
          "rotationOrigin": [0.0, 0.0, 0.0],
          "rotationY": 19.0,
          "rotationZ": -8.0,
          "faces": {
            "north": { "texture": "#sapphire", "uv": [8.5, 6.5, 9.0, 8.0] },
            "east": { "texture": "#sapphire", "uv": [14.0, 11.0, 14.5, 12.5] },
            "south": { "texture": "#sapphire", "uv": [7.5, 8.0, 8.0, 9.5] },
            "west": { "texture": "#sapphire", "uv": [8.0, 6.0, 8.5, 7.5] },
            "up": { "texture": "#sapphire", "uv": [4.5, 6.5, 5.0, 7.0] },
            "down": { "texture": "#sapphire", "uv": [3.5, 6.5, 4.0, 7.0] }
          }
        },
        {
          "name": "Cube7",
          "from": [1.8, 0.6, 0.0],
          "to": [2.8, 1.6, 1.0],
          "rotationOrigin": [1.0, -0.1, -0.1],
          "rotationY": -28.0,
          "rotationZ": 8.0,
          "faces": {
            "north": { "texture": "#sapphire", "uv": [4.0, 9.5, 5.0, 10.5] },
            "east": { "texture": "#sapphire", "uv": [8.0, 7.5, 9.0, 8.5] },
            "south": { "texture": "#sapphire", "uv": [10.0, 7.0, 11.0, 8.0] },
            "west": { "texture": "#sapphire", "uv": [8.0, 7.5, 9.0, 8.5] },
            "up": { "texture": "#sapphire", "uv": [7.5, 9.5, 8.5, 10.5] },
            "down": { "texture": "#sapphire", "uv": [7.0, 5.0, 8.0, 6.0] }
          }
        },
        {
          "name": "Cube6",
          "from": [2.0, 1.3, -0.4],
          "to": [2.9, 2.4, 0.5],
          "rotationOrigin": [1.0, 0.0, -1.0],
          "rotationX": 0.32323925755984434,
          "rotationY": -49.027679121779435,
          "rotationZ": -24.870774736636328,
          "faces": {
            "north": { "texture": "#sapphire", "uv": [8.5, 11.0, 9.0, 12.0] },
            "east": { "texture": "#sapphire", "uv": [7.5, 7.5, 8.0, 8.5] },
            "south": { "texture": "#sapphire", "uv": [7.0, 10.0, 7.5, 11.0] },
            "west": { "texture": "#sapphire", "uv": [9.5, 8.5, 10.0, 9.5] },
            "up": { "texture": "#sapphire", "uv": [7.0, 12.0, 7.5, 12.5] },
            "down": { "texture": "#sapphire", "uv": [8.5, 8.0, 9.0, 8.5] }
          }
        },
        {
          "name": "Cube1",
          "from": [1.6, 0.5, 0.5],
          "to": [2.4, 1.6, 1.4],
          "rotationOrigin": [2.0, 1.0, 1.0],
          "rotationY": 44.0,
          "rotationZ": -14.0,
          "faces": {
            "north": { "texture": "#sapphire", "uv": [0.0, 0.0, 0.5, 1.0] },
            "east": { "texture": "#sapphire", "uv": [0.0, 0.0, 0.5, 1.0] },
            "south": { "texture": "#sapphire", "uv": [0.0, 0.0, 0.5, 1.0] },
            "west": { "texture": "#sapphire", "uv": [0.0, 0.0, 0.5, 1.0] },
            "up": { "texture": "#sapphire", "uv": [0.0, 0.0, 0.5, 0.5] },
            "down": { "texture": "#sapphire", "uv": [0.0, 0.0, 0.5, 0.5] }
          }
        }
      ]
    }
  ]
}
